5.038221261101266668e-01,5.038221261101266668e-01,5.038221261101266668e-01,2.710988749434415854e-02,-2.101439881718966673e-02,-2.101439881718966673e-02,-5.343309493657786430e-02,-5.776737300315840096e-02,-2.101439881718966673e-02,-2.101439881718966673e-02,-2.101439881718966673e-02,-2.101439881718966673e-02,4.203471777642528995e-01,-2.101439881718966673e-02,7.119343331001268815e-01,-2.101439881718966673e-02,2.778040841040447351e+00,-2.101439881718966673e-02,-2.101439881718966673e-02,-3.902406288392437528e+00,-2.101439881718966673e-02,-2.101439881718966673e-02,-6.851563625727560281e-01,-2.101692862937342698e-01,-2.877934267246111677e-01
1.050260841047823357e+00,-4.819740908269432023e-01,-4.819740908269432023e-01,1.050260841047823357e+00,-4.819740908269432023e-01,-4.819740908269432023e-01,-4.819740908269432023e-01,-4.819740908269432023e-01,6.327798493229093157e-01,-4.819740908269432023e-01,-4.819740908269432023e-01,2.250775242366966467e+00,1.851477746230919985e+00,1.851477746230919985e+00,1.851477746230919985e+00,-4.819740908269432023e-01,-4.819740908269432023e-01,-4.819740908269432023e-01,-4.819740908269432023e-01,-3.961248806546376344e-01,-4.819740908269432023e-01,-8.382658627778045712e-01,-8.871271023997866489e-01,-1.253147839299993738e+00,-8.981811465957982854e-01
-4.902973972514299561e-01,-2.580566506627142154e-01,-1.615690414527342078e-01,-4.097726952632553266e-01,1.444142230148004247e+00,1.601681243424876389e+00,1.086255314497294178e+00,-1.399420681472704153e+00,-1.190894541427433229e+00,-2.323211002590874763e-01,-2.323211002590874763e-01,-1.171503732703957357e-01,-1.171503732703957357e-01,-2.323211002590874763e-01,-1.918390064265988793e+00,1.636517173432810779e+00,-2.323211002590874763e-01,2.875184359410018597e+00,-3.784812554509308091e-01,-1.616140109144583170e-01,-2.360218939033609520e-01,-2.348892185049024639e-01,-2.639422732258728810e-01,-1.555915517268453840e-01,-2.212538978132312373e-01
2.196533581146542791e-01,3.985218552664654412e-01,1.541223753510509775e+00,-3.790368040182457765e+00,3.287209920376911731e-01,3.287209920376911731e-01,-8.857034326206822406e-02,1.411533230025515673e-01,1.397266971504012578e-01,1.396588285315049360e-01,1.396176722240397017e-01,4.205817967519461242e-01,1.396176722240397017e-01,2.217005399288298761e+00,9.643562614512239672e-02,1.570972142134319932e-02,1.008129064736620478e-01,1.576635075918755291e-01,-2.152317065926535600e-01,-1.385120057799929805e-01,4.295884772554232206e-02,-9.502808667132659481e-01,-2.929818699791479353e-01,1.396176722240397017e-01,-1.231455789211791663e+00
2.196533581146542791e-01,3.985218552664654412e-01,1.541223753510509775e+00,-3.790368040182457765e+00,3.287209920376911731e-01,3.287209920376911731e-01,-8.857034326206822406e-02,1.411533230025515673e-01,1.397266971504012578e-01,1.396588285315049360e-01,1.396176722240397017e-01,4.205817967519461242e-01,1.396176722240397017e-01,2.217005399288298761e+00,9.643562614512239672e-02,1.570972142134319932e-02,1.008129064736620478e-01,1.576635075918755291e-01,-2.152317065926535600e-01,-1.385120057799929805e-01,4.295884772554232206e-02,-9.502808667132659481e-01,-2.929818699791479353e-01,1.396176722240397017e-01,-1.231455789211791663e+00
6.011655667015893822e-01,1.129012323530379946e+00,3.068519736896097694e+00,7.114004343207014358e-01,-1.867044057180765604e-01,-3.982003972093921540e-01,-3.982003972093921540e-01,-3.982003972093921540e-01,8.834702456967431505e-01,-3.982003972093921540e-01,1.535801151180935964e+00,-3.982003972093921540e-01,-2.729922714119556115e+00,-4.035189270779758752e-01,-4.017593685619723076e-01,-3.970458471573233838e-01,-3.950168045907297976e-01,-3.982003972093921540e-01,8.747010047813318090e-02,-3.982003972093921540e-01,7.266987858956656110e-01,-2.673233068161590675e-01,-3.966626771669020113e-01,-4.011463110106412988e-01,-3.770352020151644945e-01
1.160450526555627526e+00,1.000134932763497408e+00,-2.237764093025839784e+00,-9.836018654078715340e-01,1.155206604637769363e+00,-5.807523844308942057e-02,-5.683252274123719028e-01,-5.807523844308942057e-02,4.806731081350573143e-01,-7.464853492183928622e-03,-7.115177961237206805e-01,-6.050480978364722873e-01,1.891876254802088708e-01,5.073247604441878389e-01,-2.155737611264256781e-01,-4.398573374017644699e-01,1.804153914530288949e+00,9.349836228531969162e-01,1.146675743055548535e+00,-1.562321775533020429e-01,-1.666614991923761835e+00,-1.936164476851551797e+00,1.119201107785549043e+00,-1.708960912885729988e-01,3.172193000890859427e-01
4.325949897925254639e+00,1.176240971308445626e+00,6.096013059535370093e-01,-1.876070682326818062e-01,-3.903806676454590341e-01,-3.999229075587541482e-01,-4.008234682758231027e-01,-3.154047160768004288e-01,-4.039276855539280509e-01,-4.610843984442825616e-01,-3.161952752463052518e-01,-3.385606830648203447e-01,-3.986134919999587689e-01,-2.437395002229576224e-01,-3.586093547598294684e-01,-4.204583619935444161e-01,-4.210318147338442674e-01,-4.654073843506806862e-01,-4.295482627521351460e-01,2.210253586881255061e-01,-4.212153242624742111e-01,-3.995882806575624668e-01,-3.986602778651107126e-01,-3.980059058130089311e-01,1.235967295634598395e+00
-5.075504965453555561e-01,-5.086985784213757800e-01,-5.149526594525799528e-01,-4.731557704042538837e-01,-5.278891815477161353e-01,-5.515989835621412096e-01,2.072970164031971319e+00,-6.006863938102899869e-01,-9.277451527583631119e-01,-1.043687472328350241e+00,1.452735505216789402e+00,-1.110492479914102354e-01,-4.621196871948637930e-01,-4.159575765654677793e-01,-4.449150140008663046e-01,-5.665697333313411965e-01,-5.544094557835057557e-01,2.451946629945550571e-01,2.924800862016540215e+00,1.055234205912821022e+00,-4.327670932973134987e-01,1.773472085214718330e+00,2.115401392356132393e-02,-4.626819118955095012e-01,-4.391270904202526082e-01
-3.794415468296978844e-01,-3.562110302225685032e-01,-3.519946996803511863e-01,-2.327989757009477356e-01,-4.765994365480232253e-01,-4.404595235914834372e-01,-3.794415468296978844e-01,-4.386235765068691728e-01,-4.674257457119988524e-01,3.727562511564541659e-01,-1.022970204591788085e-01,-4.355863991527313406e-01,-4.158435499143017244e-01,-3.809460988713402330e-01,-3.828590868249500123e-01,-3.814070090763557186e-01,-3.838897710667605878e-01,-1.535312533642288202e-01,4.906925756104104641e-01,1.578074394871567199e+00,4.380956126799812722e+00,3.948160556837370661e-01,-3.173637868059048239e-01,-3.616731050513300461e-01,-3.789022419132616060e-01
-2.014980736799113215e-01,-2.014980736799113215e-01,-9.286094243703089113e-01,-2.378433793649574746e+00,1.952076005579854501e+00,-2.014980736799113215e-01,-2.273721631515270014e-01,-2.151777798242191508e-01,-4.284767618595478056e-01,-2.459279460673365614e-01,-2.072643603763783537e-01,-2.039561533819115591e-01,6.094539237333062021e-01,-1.823532506941375267e-02,-1.280831788748197642e-01,-2.144626124886381269e-01,-1.306680014179272820e-01,1.586137243467582864e-02,-2.521411258619175033e-01,-5.678439994907095167e-01,3.304908853205591246e+00,1.492671397521846188e+00,-1.593922759340402895e-01,-2.173145209266954259e-01,-2.471179086905753164e-01
-2.748060060055144693e-01,-4.575934250238477552e-01,-3.591903346565288868e-01,-3.990518222674163673e-01,-4.516638641074289251e-01,-3.894810400681344986e-01,-3.894810400681344986e-01,-3.415899410358694266e-01,-3.287783584039403739e-01,9.034472004576006576e-02,-4.958145434748961189e-01,-4.254363150132433047e-01,-2.570902717621619260e-01,9.891526209321765961e-01,1.208117797260673809e-01,-3.911977616723664730e-01,-3.993943132991106815e-01,1.773056875050009751e+00,4.247111223613633690e+00,9.566161316604589876e-03,-4.246771644649903199e-01,-4.070791022665624648e-01,-3.731371556956835089e-01,-3.393224185682544580e-01,-3.252585028301677172e-01
-3.347480804986953662e-01,-2.959007861161521702e-01,-2.546711719576678634e-01,-1.068669395445069892e-01,-1.745319888986403278e-01,-3.723087866411844971e-01,-3.709525152868716757e-01,-3.729209107815155688e-01,-3.417131044114381511e-01,-2.995461075086099934e-01,-3.327512640740959982e-01,1.573280892022285715e-01,-1.465219182937995690e-01,-3.282451856247671773e-01,-3.597138392399798490e-01,-2.816240886966900336e-01,-3.162204720312877804e-01,3.724508015154054386e-02,-2.247470424524100896e-01,1.377563894884560325e+00,4.596891709263700498e+00,-1.815843276628339720e-01,-3.515598154726964908e-01,-3.479174118030137208e-01,-3.739830165051737376e-01
1.660485442145785528e+00,3.038343255686986044e+00,8.035827450232982394e-02,-2.900309663001047200e-01,1.778321087276242274e-01,-2.682352781104543893e-01,-3.862753239892982582e-01,-1.430706845440095076e-01,-2.900309663001047200e-01,8.264502121297303550e-01,-2.900309663001047200e-01,-4.578545476296906891e-01,-2.954286567919771622e-01,-1.918997582704006499e-01,-8.199850470683013592e-02,-7.556732418855127698e-01,-7.556732418855127698e-01,-4.553043930898151848e-01,6.091953573162913749e-01,1.860515357810632819e+00,-4.034651840663329159e-01,-3.001306313997323394e-01,-2.429324249993741969e+00,-1.457469549918691543e-01,-3.130064580638882710e-01
5.797104038356986067e-01,-2.983082194139543564e-01,-1.924788230563623526e-01,6.613107777242466234e-01,-3.630837740534353930e-01,-5.265865105839819815e-01,1.535594675148519661e+00,3.378263487689387556e+00,-1.269952771016833459e+00,-6.519540559379867206e-01,1.431510248754309378e-01,2.997824380087615870e-01,1.588468437760375940e+00,-3.185440726547753010e-02,-7.998083417536455686e-01,-1.106998004299985849e+00,-1.154640089470171105e-01,-6.444708562248052663e-01,-6.081889667672242261e-01,-3.573824884887993325e-01,-6.769502247467649170e-01,-5.457583585733138953e-01,9.339116297164521407e-01,-2.093917856265782237e-02,-9.100138850666247281e-01
2.150933429452341339e-01,1.829213802861088534e-01,1.215946164393294643e-01,1.517672496119731873e-01,1.762288063187334719e-01,-6.013876765793508827e-01,-8.370088699144436761e-01,-4.604894642321825771e+00,2.675205547117189275e-01,2.506306116648575610e-01,1.975858202133073116e-01,1.811188133848495307e-01,1.814429492894163720e-01,2.298357530057653086e-01,2.303317770730432257e-01,4.597015415799657334e-01,5.583225028712275329e-01,2.575117799021198195e-01,-9.331350436442685525e-02,4.762125273415458437e-01,6.099062684176247140e-02,5.593457542012177791e-02,2.794329968298436828e-01,9.518845730155597318e-01,6.505418944335633613e-01
-5.857588154186851304e-01,-3.974688861501926573e-01,-4.381397905692048789e-01,-2.970917091769988971e-01,-5.857588154186851304e-01,-5.857588154186851304e-01,-5.857588154186851304e-01,-5.857588154186851304e-01,1.853575218349758025e+00,-5.857588154186851304e-01,9.490902995973438117e-01,1.935148805198939392e+00,6.328687747491985593e-01,-1.993792758658465281e-01,-5.857588154186851304e-01,-9.871147551071232096e-01,-9.871147551071232096e-01,-5.855243913372467635e-01,-5.857588154186851304e-01,1.484128458093483038e+00,-5.857588154186851304e-01,-7.574418793434030128e-01,-7.574418793434030128e-01,1.911867552389993063e+00,1.911867552389993063e+00
-1.009637428710486173e-01,-6.893816739893628143e-02,1.987556365083580686e-03,8.562637754699969905e-01,1.373156966315362271e-01,-7.936505580280189820e-02,-4.111626619909353880e-02,1.866844979426612828e-03,3.448210064418596232e+00,5.582041894776834656e-01,-7.961472296640426105e-02,-1.769115954910762400e-01,-1.058218020331695708e-01,-1.349283020628926355e-01,-1.280918590110559641e-01,-4.636614769170827044e-02,1.245458581799339520e-01,-5.046932554589483866e-01,-3.269099246721551832e+00,-8.807756502768145923e-01,-7.550928191846444093e-02,9.847479247200284502e-02,7.499365101106771070e-02,-3.663790818834296303e-02,4.269705750869819960e-01
-1.009637428710486173e-01,-6.893816739893628143e-02,1.987556365083580686e-03,8.562637754699969905e-01,1.373156966315362271e-01,-7.936505580280189820e-02,-4.111626619909353880e-02,1.866844979426612828e-03,3.448210064418596232e+00,5.582041894776834656e-01,-7.961472296640426105e-02,-1.769115954910762400e-01,-1.058218020331695708e-01,-1.349283020628926355e-01,-1.280918590110559641e-01,-4.636614769170827044e-02,1.245458581799339520e-01,-5.046932554589483866e-01,-3.269099246721551832e+00,-8.807756502768145923e-01,-7.550928191846444093e-02,9.847479247200284502e-02,7.499365101106771070e-02,-3.663790818834296303e-02,4.269705750869819960e-01
-4.519701472320319935e-01,-5.214963722692844694e-01,-9.155717232478723933e-01,2.657981986916359229e+00,1.022107151887300391e+00,1.308163497268029773e-01,1.308163497268029773e-01,-1.148181533606107418e+00,-3.916556787593674649e-01,-4.917492360255110717e-01,-4.982297075887346383e-01,-5.036919001957576025e-01,-4.932014527952247041e-01,-4.979050861582419718e-01,-1.463422792542789785e-01,-2.760711929765995443e-01,-4.926023705882390802e-01,-4.809297081559232856e-01,-5.316701551690753424e-01,-4.548029484311316706e-01,-5.091997141398738602e-01,-4.857009892720250410e-01,1.906979140571726683e+00,7.944230138614427617e-01,2.647848203174846482e+00
-1.230098999989839570e-01,-6.600603286836308481e-01,-6.589240376090621520e-01,-6.469540732125372839e-01,1.357487514013810070e+00,-1.598977573871439017e-01,-6.754970065307074334e-01,1.599521095602811638e-01,-1.390624252329089872e-01,8.310909148277043634e-01,3.607254942705299339e+00,-3.607291739707088052e-01,-9.878716115128383102e-02,-9.878716115128383102e-02,1.193686287806034363e+00,9.724648750263570340e-01,-7.897735665007826755e-01,-7.424243721134407004e-01,-7.566039166856024512e-01,-7.489215904730578410e-01,-7.355820742374169496e-01,-1.322148342771124696e+00,-2.675508903060364041e-01,2.546417811543623122e-01,6.081353529218623821e-01
-5.005273804032220886e-01,5.870176096221477735e-01,7.194560836814468674e-01,2.610266632580953705e-01,-5.720416450551347731e-01,-5.720416450551347731e-01,-4.511885188385434953e-01,-4.511885188385434953e-01,-7.132465306327168131e-01,-7.123492885528224239e-01,-5.216920568990421891e-01,-5.720416450551347731e-01,5.763779973197507012e-01,1.203471026295823476e+00,3.872008722888651722e+00,-1.428725906889539043e+00,-5.728238865567016891e-01,-5.745037384830724569e-01,-4.666606677503333800e-01,5.400212144376672629e-01,-3.205229303169732091e-01,-2.580394598374355919e-01,-3.195258988695970914e-01,8.586940669349988342e-01,3.890463335953643353e-01
-7.639147906621883248e-03,7.972333826217888053e-02,-2.222684196746220753e-01,-4.714277406215085509e-01,-2.822329572243306162e-01,4.336439802224480167e-02,7.056913402991665807e-01,-4.474617996601754633e-01,-4.050986124147754608e-01,-4.313559082224084351e-01,2.905200135185496357e+00,2.235108370346117479e-01,-2.821039929300763305e+00,-4.178735958851745869e-01,-1.227020496049542088e-02,-4.330935041831070476e-01,2.166489804975832989e+00,1.220190411602677605e+00,1.647053613667474603e-01,-9.744702235066592111e-02,-4.527711860874417127e-01,-4.115606479934759698e-01,-3.332612970238106320e-01,1.439792452008278878e-02,-2.764715777596630786e-01
6.648693512455120525e-01,-2.455468680311719554e-01,-2.399935778384705287e-01,-2.427702229348212282e-01,-4.181904356632527853e-02,-2.455468680311719554e-01,7.493543266755300913e-02,-2.455468680311719554e-01,-2.943497075698900955e-01,-2.072910945375481540e-01,-9.622517984480727371e-02,-2.630578210808000583e-01,-7.163305003783719815e-01,-2.417687064245239159e-01,4.607158272474081606e+00,-1.110307959812889544e+00,-2.332067121235328055e-01,-1.216410686534399321e-01,-3.471860460554898609e-01,-2.408901159544054038e-01,-2.426660228040260769e-01,-2.436358600727794310e-01,-2.316971975489653668e-01,-2.314180716204433386e-01,7.359324565278998476e-01
-1.173475844149534653e-01,1.199303702009978156e+00,-4.724292662442389212e-01,-6.320216858040701435e-01,-6.267237414302991860e-01,1.074440192128413907e+00,1.223399300967197512e+00,9.199488370576991425e-01,1.295323302949385358e+00,-4.415088297164691533e-01,-4.816190413260305614e-01,-5.687255541827164196e-01,-5.213993083569000708e-01,-6.237424012646196614e-01,-6.091908059405318765e-01,-3.893577088371867889e-01,-1.851987184135913678e-01,8.675566402752246664e-02,2.110922275733983611e+00,9.094643899998451353e-01,-3.088185860938745808e+00,1.582738204397649839e-01,5.145377879588010073e-01,-3.397778955509686005e-01,-3.951408708512675338e-01
8.917515497435185567e-01,1.641521407422137369e-01,-1.262470082370994229e+00,-4.202912347508621083e-01,-9.467707513254654261e-02,3.909227408041563656e+00,-1.143258053439685645e-01,-2.520573181939366608e-02,-1.563560192435705098e-01,-2.277450594450933230e-01,-2.858204086001878697e-01,-1.467727172508414002e-01,-3.368131958353355326e-01,1.121962759588867931e+00,-3.366949257959136466e-01,2.705680494313446594e-01,-3.393605395683303994e-01,-2.874987962846449752e-01,1.267597280500312396e+00,-3.462194571799867004e-01,-1.948720553064588745e-01,-1.675486545988529585e-01,-1.052805266303703524e+00,-1.458616596558791167e+00,-3.711655666583458246e-01
8.917515497435185567e-01,1.641521407422137369e-01,-1.262470082370994229e+00,-4.202912347508621083e-01,-9.467707513254654261e-02,3.909227408041563656e+00,-1.143258053439685645e-01,-2.520573181939366608e-02,-1.563560192435705098e-01,-2.277450594450933230e-01,-2.858204086001878697e-01,-1.467727172508414002e-01,-3.368131958353355326e-01,1.121962759588867931e+00,-3.366949257959136466e-01,2.705680494313446594e-01,-3.393605395683303994e-01,-2.874987962846449752e-01,1.267597280500312396e+00,-3.462194571799867004e-01,-1.948720553064588745e-01,-1.675486545988529585e-01,-1.052805266303703524e+00,-1.458616596558791167e+00,-3.711655666583458246e-01
-6.100760111330341129e-01,4.188034315874893804e-02,-1.535720232872183066e-01,2.474209255565725130e+00,-1.316512976980192429e+00,-5.502902700935946578e-01,-5.216442445855234977e-01,-6.100760111330341129e-01,1.863869499771527938e+00,-5.547551645222266181e-01,-5.422214744881603821e-01,-6.244886827209905622e-02,-6.079773869393906294e-01,-6.087375163444378456e-01,-5.977490841146747558e-01,8.175936397416900814e-01,-4.947924331053867864e-01,-5.436560852197512839e-01,-4.192221856751369713e-01,-2.481195720038937846e-01,-4.118473830214667286e-01,1.764567068635404912e+00,2.301658462489530876e+00,3.009625217901258365e-01,-7.110421002335348684e-01
1.814593625236734231e-01,2.022218146792112425e-01,1.572799846041634531e-01,1.777269506042015168e-01,3.689461441254655027e-01,2.911536716480232490e-01,1.228776960831491127e+00,3.652782537984839983e-01,5.933740175548941620e-01,1.785105721495513220e-01,-6.113160845648351466e-02,2.005257681285930738e-01,6.800553831106884162e-02,-7.005844551521767105e-01,-4.364955073680208741e+00,7.366803576855939228e-01,-1.341544277816951292e+00,1.872300308744198616e-01,2.289583479297533086e-01,2.312127393407319709e-01,6.970710115510642124e-01,-2.594157110883390377e-02,1.836240796460270330e-01,7.319398795386586332e-02,1.429273922743774794e-01
-5.366900157441486519e-01,-1.039580699136324615e-01,2.248863782155832991e-01,-3.844972397712992929e-01,3.949700203459618031e+00,-2.709238823160746712e-01,-6.936215552503147141e-02,-9.143844899921994840e-02,-4.776334128436856008e-01,-4.124205013517102114e-01,-5.276618965010587692e-01,-4.056637882983969434e-01,-3.567966373900928190e-01,-5.366900157441486519e-01,-5.368088944479574298e-01,-1.652273486607342412e-01,2.062353184226801417e-01,-3.545390952362301729e-01,-4.078144559933206126e-01,-5.483591372734571978e-01,2.376018862881779992e+00,6.511092071012853921e-01,-5.577624337214441841e-01,-2.685151529626307876e-01,-3.951873873866745823e-01
-2.282332714006375107e-01,-1.923890306574856379e-01,-2.001906940042356975e-01,-2.247446138284676098e-01,-1.414870528181662868e-01,6.149800357544806667e-02,-3.417884753705943690e-01,1.074283770839616799e-02,-1.420205854109631016e-01,-2.835287921828648638e-01,-2.488016288043059521e-01,-2.005104775477661305e-01,-1.952152568374788677e-01,-1.692932157334648136e-01,-2.077597774751159254e-01,-1.667965973034667704e-01,-2.048426674284149207e-01,-3.138355705197944379e-01,-6.355873779566117987e-02,-2.335029820454184168e-01,-2.035811575071288515e-01,-2.277853881124130009e-01,4.860134642228521429e+00,-6.453328797374928705e-01,-9.717663099102809288e-02
7.125840387651710683e-02,-2.644397527488314914e+00,8.949406911604712578e-01,1.455975857460378997e-01,-2.138400162318251918e-01,-2.134919300016442992e-02,-2.528317738742509868e-01,-2.311202300789743924e-01,2.762070975863338829e-01,-1.774840617958503286e-01,3.188372999866174728e-01,-1.735951012492420176e-01,-2.129317489148865872e-01,-3.809826571340369505e-01,2.036275874133950947e-01,-1.964471172429473611e-01,2.830189771841070900e+00,-7.180431993820336478e-01,-7.506854752131987552e-02,2.979407432566661962e-01,-6.744785434075573072e-01,-4.381327658578514778e-02,-1.117622742939526903e+00,-3.638678078650571801e-01,2.459274363844662581e+00
6.241321176848302343e-01,-3.626744936424009663e-02,2.162173843245808413e+00,3.867962865572001641e-01,-5.058085357479882305e-01,-1.972061058589173466e-01,-3.832878237929682186e-01,-3.629376302565639340e-02,-3.891392286012180790e-01,-1.845477793814347178e+00,1.032149050284457692e+00,-9.896832113996865132e-01,-1.242902212456289845e+00,2.097374219221215697e+00,1.044829861336242505e-01,-7.356877550443724489e-01,-3.913313179374154349e-01,1.084611179241164347e+00,5.784888237655901877e-01,1.611867603105081870e-01,3.860111743864839129e-01,3.093487849350674557e-01,-2.302209592542821870e+00,7.719075620997493947e-02,5.134880760999620264e-02
-8.282269325884818179e-02,-2.685433127191857450e-01,-2.193793472962542179e-01,2.732815878660171394e-01,-2.182289284529059237e-01,-3.579926164644174902e-01,-3.883104599852345018e-01,-8.566657751422928069e-01,2.272325331577156327e+00,2.936470343245604298e+00,-4.263669200428102379e-02,-3.303637986243950220e-01,-4.787402297713161392e-01,-8.183573358658109420e-01,2.209734380770357998e+00,-4.418119290330958515e-01,-3.781653775807199969e-01,-1.538133384416016769e+00,-7.096896962914081008e-01,-3.824148476924325579e-01,6.344479662473322401e-01,-4.616923278009105736e-01,5.723913138397749428e-02,-2.354154323500297075e-01,-1.741345563408892017e-01
7.290378296901732780e-01,-5.097722707797381486e-02,6.652950037120741733e-02,-2.283555394810386080e-02,-1.209281330956765189e-02,1.070921173640411395e+00,9.941030234313526920e-03,-2.340648058988514107e-02,-5.806146806200113142e-02,-3.962344249372411198e-02,3.125871889991804764e-01,-4.363393757574606235e-01,1.856235178192110036e+00,-9.553861080650746240e-01,1.087033263584493009e-01,-1.949557722377520952e-01,-4.551044115860195527e-01,-3.692594338661990605e+00,2.175791071996398429e+00,-2.753185054338053855e-02,-1.831689130652192033e-03,-1.026423041942398084e-01,-1.017076593509090715e-01,-4.560684093374300918e-02,-1.090489635397661888e-01
7.124184693065630514e-01,9.454242192889930618e-02,2.391387599153631804e-01,-2.085422845622812160e-01,2.870775770166340557e-01,3.161714959372600720e-01,1.026839200601671609e-01,6.004621733459321042e-01,1.800793864322395021e-01,3.136785798790476254e-01,5.050354531355889520e-01,3.619391187759294359e-01,3.214057461717806929e-01,4.631674768330549252e-01,1.055944522182494655e-01,2.840273634973976002e-01,1.305699368425984608e-01,-9.881330241353067922e-01,-3.095065207896111392e+00,-3.308446482964275237e+00,5.163950953382943077e-01,5.844938124602515606e-01,4.888698432168214758e-01,3.472560788456149905e-01,6.451798384002858100e-01
7.124184693065630514e-01,9.454242192889930618e-02,2.391387599153631804e-01,-2.085422845622812160e-01,2.870775770166340557e-01,3.161714959372600720e-01,1.026839200601671609e-01,6.004621733459321042e-01,1.800793864322395021e-01,3.136785798790476254e-01,5.050354531355889520e-01,3.619391187759294359e-01,3.214057461717806929e-01,4.631674768330549252e-01,1.055944522182494655e-01,2.840273634973976002e-01,1.305699368425984608e-01,-9.881330241353067922e-01,-3.095065207896111392e+00,-3.308446482964275237e+00,5.163950953382943077e-01,5.844938124602515606e-01,4.888698432168214758e-01,3.472560788456149905e-01,6.451798384002858100e-01
-2.688455477453990938e-01,-2.533231044427646794e-01,-1.433481463638614228e-01,-2.899281367039922008e-01,-2.556377239419357905e-01,-1.502276501853654911e-01,4.678035179728372989e-02,2.482354794794682795e-01,4.789314515799098615e+00,-1.546507070040535614e-01,-7.125399775959730952e-01,-3.714653944573036437e-01,-2.309769150223439649e-01,-2.590378096051740853e-01,-2.746804104416628589e-01,-1.942634992550469619e-01,3.294919450962335294e-01,-7.171247133560247622e-02,-2.527194122292528711e-01,-2.495352026336534745e-01,-2.096030379654457154e-01,-5.104539919035746554e-01,-4.275076455788511809e-01,5.666696849201058317e-02,-1.900324762528381450e-01
7.371523203746931374e-01,-4.030257302475356851e-01,-2.687104897080159205e-01,1.307320936474980932e+00,1.790635671252439831e+00,-5.389254194371373430e-02,-3.207643060845563610e-01,-3.467064035350110873e-01,2.301158820532228366e-01,5.782282950003103661e-01,-4.510397777431659483e-01,-9.447764099918400105e-02,-7.059587765220506350e-01,1.316527874867950310e+00,-1.627160451921653816e+00,1.008604424387045340e+00,-1.424035840165762679e-01,-3.775309735385282139e-01,-2.760443458375926973e+00,-3.368094461296025077e-01,-4.111398439057712961e-01,-3.304982543433721554e-01,-2.502615257894955092e-01,2.078341342704681960e+00,-1.661035423111650866e-01
-3.880873040383924222e-01,2.332648432399186067e+00,3.382003403648373041e+00,-2.879985967383212886e-01,-1.669446918824501747e-01,-3.465921494110813517e-01,1.566555094196591114e-01,-1.675264246921892575e-01,2.859690202507522150e-01,1.383405882363973882e-01,-3.141312256455279783e-01,-6.928517225171020311e-01,-6.265088806717750147e-01,-1.727146612273888215e-01,7.296296794013367171e-01,-2.183469859667974411e-01,-4.516053456757706530e-01,-2.261380839760155081e-01,-3.042348463442362538e-01,-3.909378285440159861e-01,-5.053378189841224444e-01,-5.151788550414769796e-01,-1.032775143574633958e+00,1.286526412071815173e+00,-1.503862480496220844e+00
-6.659979591473037114e-03,-2.507985484795115932e-02,-7.589278485387566942e-02,-4.508546793406856962e-02,-2.281736638019432606e-01,-7.190454814390037641e-02,2.184826905603874381e-01,-7.619134547482099562e-02,-3.548303628888326289e-01,4.280894800723548943e-02,7.043014675667903790e-02,8.231203024765658682e-01,1.655207717227993869e-01,-9.777241793514822310e-02,-2.671861818082593709e-01,-1.826741000319056507e-01,3.158754056066217508e-01,4.513695336370510125e-01,2.676862224675771729e-01,-1.387635785191896898e-01,1.952679520955428627e+00,-4.206689240607649261e+00,2.547501329488713884e-01,1.389136221605842492e+00,-1.749563703060413034e-01
-4.624622450001833474e-01,-5.948052294473331614e-01,-4.092050762421634569e-01,-5.627217502452223075e-01,-4.323247439876627962e-01,-4.172569034289743128e-01,-4.655753312735647631e-01,-6.154447269017651045e-01,5.871143186310507495e-02,1.649415018643163033e-01,-6.235713337039869852e-01,-5.117454307060894658e-01,-6.096725895755619046e-02,4.986084056697903666e-01,2.566021905094983513e+00,-2.139815842826105818e+00,1.056083465026952384e+00,1.111606220171276860e+00,-5.536373605191328151e-01,-7.068737796646388238e-01,-3.142446189219773589e-01,-5.998142805315300266e-04,5.721011738623484749e-02,2.678335215612114961e+00,6.797331834181141730e-01
8.093555732043627993e-02,-3.187793393111740259e-01,-2.438880467983522149e-01,-1.595371123917497802e-01,-2.421517305796870023e-01,-1.990160660166613027e-01,-2.691185292367679338e-01,2.732726944131468105e+00,-3.953745666816679272e-01,-3.132150335201862035e-01,-6.377827741519802307e-02,-2.212535196795156478e-01,3.455145782501038099e+00,3.720600383814256507e-01,1.675544776243313022e-02,-1.556224305766890914e-01,-1.123813966168795975e-01,-2.160480302474452885e-01,-2.120390395770854752e-01,-2.029205164700276232e+00,-2.567644718808993476e-01,-2.619761037807601389e-01,-2.662478639362794164e-01,-1.701512304788652674e-01,-5.510758166706618555e-01
-2.244459994241367440e+00,2.306622486275454520e+00,-5.436356074709784991e-01,3.656381131323239719e-01,5.419891261649342207e-01,1.020060656411653000e+00,7.954815402791425294e-01,3.782118259752969003e-01,-1.520693578235889909e-01,1.036496398748324721e-01,-1.881741402493971593e+00,-1.300661453659602840e-01,-3.023565960510245509e-01,-3.803929981000319649e-01,-2.929691641971871596e-01,-3.107145563078624328e-01,-2.167840801280944141e-01,2.370965509542944272e+00,2.927251538526760566e-01,7.462103336548355781e-01,-1.878670606383454345e-01,-1.015265684880514385e+00,-2.125112051438109440e-01,-2.823539683077341267e-01,-7.683665640136222441e-01
-2.244459994241367440e+00,2.306622486275454520e+00,-5.436356074709784991e-01,3.656381131323239719e-01,5.419891261649342207e-01,1.020060656411653000e+00,7.954815402791425294e-01,3.782118259752969003e-01,-1.520693578235889909e-01,1.036496398748324721e-01,-1.881741402493971593e+00,-1.300661453659602840e-01,-3.023565960510245509e-01,-3.803929981000319649e-01,-2.929691641971871596e-01,-3.107145563078624328e-01,-2.167840801280944141e-01,2.370965509542944272e+00,2.927251538526760566e-01,7.462103336548355781e-01,-1.878670606383454345e-01,-1.015265684880514385e+00,-2.125112051438109440e-01,-2.823539683077341267e-01,-7.683665640136222441e-01
4.087559572738280744e-01,-4.681520668230265692e-01,7.438184300149339734e-01,8.178226026560374562e-01,1.999106020621951030e-01,-6.016526082340963866e-01,-8.372145195892512215e-02,-6.260254970054267565e-01,-2.835794580604665827e-01,-4.799946488871820183e-01,-7.508006497947079527e-01,1.463422593050345055e+00,-1.342728731138657539e+00,-1.042184074329040477e+00,1.687096436272402878e-03,2.687364390909794398e-01,2.318217063330786143e+00,2.995352063662758635e+00,-2.195825128538094473e-01,-8.334117938792416913e-01,-3.741327793366288068e-01,-3.155116429928734312e-01,-5.035579435467539833e-01,-3.335287345165678929e-01,-9.591582542207316431e-01
-7.984295235921964329e-01,1.479956999683949836e-01,6.979055176705619701e-01,-6.786709393507096844e-02,-2.522270477414987333e-01,4.836871363023720893e-01,-1.668259774242146221e-01,-5.745006962881767792e-02,1.429854637862030708e+00,-5.054853521129988314e-01,-3.571994402277524072e-01,1.328953054047532223e-01,-6.035331206206654420e-01,-8.694755886562458569e-01,4.193146964080987971e+00,-1.327667615522227229e-01,-1.716567512953188768e-01,-3.262812031641790789e-01,-1.973213154640707234e-01,-1.112938351423057970e+00,-1.658991199699014485e-01,-3.774045754172267730e-01,-7.913627032294989760e-01,1.953682577183736002e-01,-3.267295235525362607e-01
-5.165948366080543724e-02,3.531957761772364979e+00,6.027974100274170466e-01,-2.524260553934776219e-01,-2.282779567490430539e-01,7.170219553526107140e-03,-9.336091484941565211e-02,-6.420804146063959772e-01,2.915517610245401681e+00,-5.069323057441140756e-01,2.527404881042231988e-02,-3.701243793083456302e-01,-1.582172937609630237e-01,-7.229087522991297643e-01,-1.806672747046651484e-01,-1.646922149474645547e-01,-4.953690585969916516e-01,-2.339535523155827634e-01,-1.146880186082403913e-01,-9.281921470118442707e-01,-7.027674163989295897e-01,-2.095381139422925476e-01,-5.295439102148999932e-01,-2.071745447145387220e-01,-2.901432425819926442e-01
-6.288345678169848796e-01,-4.060544419068940480e-01,2.584538880222591040e-01,-3.027342939130098776e-01,-4.565311653236893141e-01,-2.721612599462158166e-01,1.309469320440176165e+00,-1.779467228629756370e+00,-5.639527131554905592e-01,-4.064504746605435148e-01,-4.253848417177300556e-01,8.222202086719549996e-01,-3.615495618694109514e-01,-8.153497052064385964e-02,3.786238363250989281e+00,-7.401337309706891299e-01,-2.321162588239243096e-01,-3.242327053340189891e-01,-4.355655002358930772e-01,7.545874295281673749e-01,-1.234885973935443831e-01,2.664231804540773685e-01,1.182865124786644184e+00,-4.114649127589635746e-01,-4.286002901768657947e-01
-6.273147732982702340e-01,-2.793303898185047207e-01,-1.833468492514232218e-01,-4.219815131563370292e-01,-1.742828280279963837e-01,5.133421817740048132e-01,-2.734294304135075904e-01,-1.735424880751398058e-01,-2.546159676540475369e-01,-2.372130067601070369e-01,3.312293104792784354e-02,-2.397644681996514981e-01,1.328753267424275908e+00,4.481270050064255273e+00,-2.702719341528644348e-01,-2.133634303370519902e-01,-6.416887311321231024e-01,-7.470628482593588693e-01,-4.058469858465213465e-01,5.420602727733499215e-02,-3.749827489522113422e-01,1.784172095945806835e-01,-5.853492143142082771e-01,-2.127763721355456217e-01,-2.729476873975103524e-01
-4.159703987723097351e-01,-3.053738671467540744e-01,3.319729312982394376e+00,-1.643753517791196606e+00,-2.615796999559577563e-01,-2.834872447476461388e-01,-1.022371353999489418e+00,5.054084133643760302e-01,-2.495745327477797149e-01,-2.766877174346909496e-01,-2.512289423959668255e-01,-1.588765115749506962e-01,-1.500878643049781413e-01,-9.659913956609361696e-01,-2.648564536433284933e-01,2.876080777808459610e-01,-6.992422018061761335e-02,-2.952828411158491262e-01,1.553904916690446170e+00,2.232424819347341050e+00,-2.946053729858998937e-01,-2.570915402721228871e-01,-7.163346597071768018e-01,1.782924911739779406e-01,-1.942898969017304578e-01
-2.614847203762290517e-01,-9.484643121718786540e-01,-2.614847203762290517e-01,-1.514155080043477763e-01,6.544213047435086805e-01,2.406213834975153287e-01,-3.201917621329090080e-01,2.384730820237299653e-01,4.173855201011814064e-01,4.404569536974798916e-01,-2.301113370399244795e-01,-2.329765786449184528e+00,2.506727057819249094e+00,1.414566776754549560e+00,-4.859705637745439510e-01,1.794441679194558992e+00,1.508375519516194918e-01,-6.839800878772145376e-01,-2.802717315975881696e-01,-5.263716230735945301e-01,-8.635419706058360401e-01,-3.519466720433017670e-01,1.555405362656321344e+00,-6.424363843029705645e-01,-1.075899492613962227e+00
-2.923077453493236333e-02,-1.664544475133495072e-01,1.120357157611511917e-01,-3.001633184763802253e-01,1.247867044774527256e+00,1.073309424215384972e-01,-1.351920064016915557e+00,2.207227894312161265e+00,-6.091670497629464442e-01,-6.391566337067586812e-01,-2.021087765365246813e+00,-1.033243651107103589e-01,-1.226095039836354872e-01,-7.080254532860504879e-01,1.343714272488679140e-01,7.502321964015044031e-01,-4.127116805744425188e-01,-3.241667173074460617e-01,-2.412206638197421094e-01,-2.786003007532633635e-01,1.454452307669903965e-01,-2.998314719953695251e-01,4.084779678580358758e-03,3.167622278425281657e+00,-2.685472995834136678e-01
1.758467684560260258e+00,6.721330112543741908e-01,3.707092825648865553e-01,-9.989948046053677144e-01,1.694208101867340943e+00,-2.025161514452049338e-02,-2.142779746210743408e-01,-1.213683974278239930e+00,-3.152538169935753753e+00,-2.618154394564430887e-01,-4.246553331391109687e-01,-3.702218484946884214e-01,1.429500937037642139e+00,-1.848565387292844531e-01,-3.112102337409353159e-01,-3.161909112100157460e-01,-1.560293784309839116e-01,-1.901546858925973194e-01,6.875577168348556700e-02,-3.050980813903242939e-01,2.331146779311982775e-01,-2.499692846009875513e-01,9.043696252302385608e-01,-2.385016839017130019e-01,1.477190865442614687e+00
-3.915752698306146362e-01,-4.049458038647489877e-01,3.752412590859059427e-01,-2.313167112046705942e-02,1.883118486678984349e-01,8.504351169629588147e-01,-5.941440412874070542e-01,4.018754273088637197e-01,4.888216166197172780e-02,7.050053301982786014e-01,6.718018133786445301e-01,4.186703293028514739e-01,-1.342378969432537206e+00,-8.821514387641348209e-01,1.982299747623656350e+00,7.298576394187152871e-01,9.553974714214251707e-01,2.726657090329285826e-01,-1.043094818222614073e+00,4.613321953153696753e-01,-3.242142266276809792e+00,-7.331873382535629945e-03,4.091218679759446586e-02,-1.154483322464697537e+00,9.826912384695040137e-01
-2.353700251114456965e-01,4.563300226887366584e+00,-4.065046463371124186e-01,-4.176191631054040343e-01,-1.799194491019915909e-01,1.177201108084691139e+00,-3.510752577835121735e-01,-5.430343921474859448e-01,-2.253621124133653453e-01,-2.833834431200383808e-01,6.473479388046925465e-01,-5.051746577423522899e-02,-3.437441340246433774e-01,-4.640862248725153849e-01,-1.790168735919652476e-01,-2.711428072702789516e-01,1.514095070089186562e-02,-1.505443132288052099e-01,-8.909606986432083708e-02,-3.499443445658150242e-01,-3.616183415641907040e-01,-2.910493574450998544e-01,-2.181227914445243166e-01,-6.457527459776051248e-01,-3.460862657332882675e-01
-4.097207112268042017e-01,-6.117265932948944274e-01,-5.409538652321296270e-01,-6.730403344721267445e-01,-7.580545688571915797e-01,3.308174136747880745e+00,-1.737115091517046350e-01,-2.889258047601650503e-01,2.705666633249566910e+00,-3.345284339973880194e-01,-5.454236449295758460e-01,-4.755835414546111806e-01,2.468187765234864869e-02,-1.660730637740548132e-01,-7.624644751667699616e-01,3.344289776275216619e-01,9.242090820173033683e-02,-1.174322907385626724e+00,-8.122799371965988557e-02,-2.431113113429779204e-01,4.099981462095711460e-01,-3.113691655176979434e-01,-5.965153676748541356e-01,1.145609259701629190e+00,1.257733525679844699e-01
7.708265733942576414e-01,-4.205545487215705536e-01,-1.419816009098472942e-01,1.346988374178138548e+00,4.590213999562741121e-01,-5.660796792906852559e-01,5.734841833396550070e-01,9.869974612578125139e-01,-4.809443616588637282e-01,-2.348700584877117858e+00,6.731012687003283812e-01,-2.103541369922430626e-02,-2.603465183707784347e-02,-1.897187639311831153e-01,1.687240211099326537e+00,5.361397574863354665e-01,-2.794427360295571525e-02,-9.519372427542116544e-01,2.888295158961330655e-02,-8.721227932909653147e-02,-8.863868140944704266e-02,-3.028747697251885640e+00,9.784388190914634631e-01,-2.693963017541389088e-02,3.653484093553748813e-01
-1.659945840295252162e-01,-7.543835656591199035e-01,9.940076912653110774e-01,-2.646179408181539294e-01,3.829440674232779340e+00,-5.508944521594036914e-01,1.311923492754164089e+00,-4.387985283622198862e-01,-1.998894740322975649e-01,-3.520529845244462774e-01,-2.943127418745219437e-01,-1.462522037241511086e+00,-6.085852019935502621e-01,-1.997464279841815460e-01,-1.092473396020473830e-01,-2.211353545572413981e-01,1.161058657264272959e-01,-1.209843811714208073e+00,-2.188859663629529884e-01,-2.262742995556544234e-01,1.242179271977620791e+00,5.303572904827681400e-01,-3.356309650683997337e-01,-1.551074185677977779e-01,-2.560911923318377470e-01
-6.704887686141904057e-02,-4.480602061826405857e-01,-1.101067263413112868e-01,-5.460355863569845702e-01,-5.482635341269942453e-01,8.131687676052520297e-01,7.460888485889867194e-01,5.375392649529012745e-01,1.111301151639068507e+00,-6.123940883198411012e-01,-1.710509683364260236e-01,5.497929179259765098e-01,-6.248800915733707662e-01,4.810826886715449668e-02,-5.003916541767053916e-01,-4.943324216797135295e-01,-1.260288990861812675e+00,-6.975983104533864942e-01,-7.952686020547239387e-01,3.847091760143031558e-01,4.023759962208253604e+00,-8.451601987804598926e-01,-2.286835524016020971e-01,-1.422760367102240686e-01,-1.226285125842811879e-01
-2.798547485810529700e-01,-3.027062803471031738e-01,6.790479608556099222e-02,-8.907813146945367522e-02,-3.887672340313373942e-01,7.957368048778649949e-02,3.328333358362300931e-01,-7.637299304706878234e-01,-3.517204684265234915e-01,-2.961200065846971707e-01,-9.035642940014225744e-01,-2.331892210753098160e-01,-1.916114213123714105e-01,-2.715811097181807243e-01,1.770981699464631687e+00,-2.256553418624784868e-01,-3.332738538733339140e-01,-3.193011570383360032e-01,-3.472389388324040316e-01,-1.827286615467076825e+00,-5.641760840061994520e-01,3.074871332492901677e-01,9.453356030255379849e-01,3.802764902769229849e+00,3.819736861797020100e-01
-7.296525096719456149e-01,-5.729629403735901905e-01,-3.783595597204943983e-01,-4.722594904345366329e-01,-1.113346051258289615e-01,-4.697896785668602138e-01,-5.421750153197897326e-01,-2.698524569685617491e-01,-5.161976063373814316e-01,-3.742086685394789836e-01,-2.403997171564976609e-01,-2.460902281351754484e-01,-6.835113689642557944e-01,-7.866754790775315476e-01,4.270315986578146483e-01,2.209104682798223696e+00,1.601678049158886230e+00,-3.204857993319046305e-01,-2.207554311726138419e-01,1.310059997238742113e+00,-6.562908828621754065e-01,-8.042798949063465486e-01,2.931357944423079509e+00,1.051832724868910329e+00,-1.135783664480686239e+00
6.747025250120310125e-02,1.775647899136596264e+00,2.396372644850517861e-02,4.017291208061050667e-01,-1.283989470396738886e-01,-1.689998767627936438e+00,-7.826493504849317551e-02,-2.160898620174556584e+00,4.535096159541466831e-01,2.917180389672811014e-01,9.387659690805741364e-02,-4.607038580108396841e-01,-4.057611878704371344e-01,-9.161182829830591401e-02,-4.455267088885284110e-01,-3.990120770370340630e-01,-2.505258537637231053e-01,-8.838966496638898940e-02,-1.065685886306529717e+00,3.387877166693935127e+00,-1.143697611598793740e-01,3.320787661605144048e-01,2.554691159917361065e-01,-1.465907527289133649e-01,4.423985493531590318e-01
-3.636290508228580132e-01,-5.066687393550196594e-01,-3.655445664953939355e-02,-3.468135750910770199e-01,-3.000283202078467548e-01,-3.579890608220174242e-01,-5.072841208843145155e-01,1.114355837959260694e-02,-4.714816393514261184e-01,-4.168661498868898030e-01,-6.070992573708751117e-01,2.258453574034123001e-01,-8.114229427125820848e-01,-3.084181375069582898e-01,6.443269251835638256e-01,4.866532384325717442e-01,1.043304881150258490e-01,-2.557004369049277748e-01,1.683985628700972681e+00,-4.650846371567845527e-01,4.236162967733736906e+00,-4.824501468399456927e-01,-4.826745243683143172e-01,-2.189360327732584321e-01,-4.533469352442432432e-01
1.000116356961365360e+00,-6.587550282529420764e-01,-2.467458875490800563e-01,2.524871981069255256e+00,1.787676949008954796e+00,-1.840795130224563314e+00,5.279964149747218283e-01,5.855763161802666344e-02,2.076413285292246780e-01,-2.521080340495548077e-04,-1.957986032889445227e-01,-2.066525392596287869e-01,5.678364587912493322e-01,3.157262448503629915e-01,6.680078559954633066e-02,-2.677635355790988769e-01,3.955625354159970630e-01,-1.990093529781835846e+00,3.383878878683108660e-01,1.077840442665503693e-03,2.353435680034224042e-01,-5.023184012520925945e-01,-1.773332404888522618e+00,8.015123383709971128e-01,-1.146601153393342010e+00
3.480796978539488773e-01,1.326118671554419981e+00,-2.681810924013198760e-01,-8.400285440310402141e-01,-2.513485187955611933e-01,-7.925925916695217843e-01,9.355242430296166756e-01,1.433268615810340041e+00,-4.683324845477101483e-01,1.132207056054007399e+00,-3.018847350908814953e+00,-5.541914908580797966e-02,-6.276491067381397004e-02,-5.180912905155632409e-01,5.408221458879721721e-01,-5.334500406631165204e-01,6.955855949408897843e-01,4.863301552762429592e-01,8.041577154329071497e-01,-8.776642545005748364e-01,-7.033999487200720546e-01,-5.312516022099663671e-01,-4.236453720515269139e-01,-3.641371092314540925e-01,2.007060364165519584e+00
3.480796978539488773e-01,1.326118671554419981e+00,-2.681810924013198760e-01,-8.400285440310402141e-01,-2.513485187955611933e-01,-7.925925916695217843e-01,9.355242430296166756e-01,1.433268615810340041e+00,-4.683324845477101483e-01,1.132207056054007399e+00,-3.018847350908814953e+00,-5.541914908580797966e-02,-6.276491067381397004e-02,-5.180912905155632409e-01,5.408221458879721721e-01,-5.334500406631165204e-01,6.955855949408897843e-01,4.863301552762429592e-01,8.041577154329071497e-01,-8.776642545005748364e-01,-7.033999487200720546e-01,-5.312516022099663671e-01,-4.236453720515269139e-01,-3.641371092314540925e-01,2.007060364165519584e+00
2.279255475592118982e-02,-3.725727148851142312e-01,-3.291418042752002893e-01,-3.246362629014374335e-01,4.150928835008918516e-01,5.159045061280970179e-01,-2.609878336281463151e-01,-3.989114876538817911e-01,-4.153509744628854361e-01,-5.893706964986969998e-01,-1.570966893233485817e-01,-2.854600611664573351e-01,-2.255410449568260312e-01,-2.997218408453989347e-01,-2.786757508216321511e-01,-9.356456193146794886e-01,-3.873489308837003708e-01,4.173995760259392895e+00,-5.725248200199933857e-01,-8.403120232227213604e-01,-1.564003614070756387e-01,-4.668008082582921769e-01,6.828870352241295238e-02,2.748749546515818487e-01,1.825550361707190428e+00
1.179285126475100753e+00,-1.199338238859722072e-01,-2.836041194236926244e-01,-4.375134851519444507e-03,-6.041980148910505166e-01,-3.799565570458832697e-01,-5.201563487582357981e-01,-6.490495012076176184e-01,-5.816140003678567094e-01,-3.697847821984677208e-01,-5.232731138530840598e-01,-5.723031804607834339e-01,-2.702853808426398663e-01,-1.257396352447077925e+00,-4.853371717741610802e-01,-3.450562909806896283e-01,-2.563967039036376128e-01,1.443663227675987093e+00,-7.011618851042524803e-01,1.327733577554011390e-01,-8.243339948335092204e-01,2.932658727757194939e+00,-1.532539737085390208e-01,5.809984010273662181e-01,2.632091489847618426e+00
1.179285126475100753e+00,-1.199338238859722072e-01,-2.836041194236926244e-01,-4.375134851519444507e-03,-6.041980148910505166e-01,-3.799565570458832697e-01,-5.201563487582357981e-01,-6.490495012076176184e-01,-5.816140003678567094e-01,-3.697847821984677208e-01,-5.232731138530840598e-01,-5.723031804607834339e-01,-2.702853808426398663e-01,-1.257396352447077925e+00,-4.853371717741610802e-01,-3.450562909806896283e-01,-2.563967039036376128e-01,1.443663227675987093e+00,-7.011618851042524803e-01,1.327733577554011390e-01,-8.243339948335092204e-01,2.932658727757194939e+00,-1.532539737085390208e-01,5.809984010273662181e-01,2.632091489847618426e+00
-2.319944957761001236e-01,-3.889945415837747222e-01,-1.165235959286983425e+00,-1.735529618396265683e-01,-4.496118054560951371e-01,3.205941505381298406e-01,-1.967721361424986382e-01,-1.373406997900140425e+00,-8.154818972717994274e-01,-3.357254146886061164e-01,1.781016382485522076e+00,-5.293672535068053575e-01,-3.837751525440742939e-01,1.628287756612453452e-01,9.330244376805335582e-01,-6.355432777565640512e-01,2.465406300148795360e+00,-4.086124995054206677e-01,2.952473567350969663e+00,-3.658727111303074486e-01,-4.413063862893848999e-01,-2.552563583608554731e-01,-3.129647961130171963e-01,5.311886182979417420e-02,-2.049878305429365666e-01
2.323468562261223405e-02,-6.762316628295892418e-01,1.252169745365003251e-01,1.838160923063535845e+00,-6.210632820609955640e-02,9.073149066638319660e-02,1.632821142429458305e+00,1.172718850593530204e+00,-1.433963114672087980e-01,-6.553065182742429107e-01,-4.802466424824442526e-01,6.419655341131892401e-01,8.962558697143455655e-01,1.176352378763883821e-01,-2.966218949123400339e-01,2.086780011513543975e+00,-3.949667474204456852e-01,-1.483022512278317384e+00,-5.452873039507123432e-01,-1.262363903688192623e+00,-2.815816832746780296e-01,-6.257795729975683674e-01,-2.051926391535205951e+00,-7.710523673420478508e-01,1.104369120529606008e+00
2.323468562261223405e-02,-6.762316628295892418e-01,1.252169745365003251e-01,1.838160923063535845e+00,-6.210632820609955640e-02,9.073149066638319660e-02,1.632821142429458305e+00,1.172718850593530204e+00,-1.433963114672087980e-01,-6.553065182742429107e-01,-4.802466424824442526e-01,6.419655341131892401e-01,8.962558697143455655e-01,1.176352378763883821e-01,-2.966218949123400339e-01,2.086780011513543975e+00,-3.949667474204456852e-01,-1.483022512278317384e+00,-5.452873039507123432e-01,-1.262363903688192623e+00,-2.815816832746780296e-01,-6.257795729975683674e-01,-2.051926391535205951e+00,-7.710523673420478508e-01,1.104369120529606008e+00
-4.139107253238589745e-01,3.198687807437190500e-01,-7.270897348860030363e-01,7.188837168236861253e-01,-6.122244500550756419e-01,-1.783427729406017459e-01,1.054363561028681895e+00,-7.601526941371060664e-01,1.239581756479784941e-01,2.410329653829040630e+00,-1.503057278115827455e-01,-3.795204970820375556e-01,-2.308370320069091930e-01,-1.024948013323139895e+00,-7.591258163288978622e-01,1.289173136831965882e+00,-1.219852592546819547e+00,-5.799386255628384834e-01,7.136974889684687406e-01,-1.120516413713890103e+00,-5.464604413357737611e-01,1.845949868287651174e+00,1.793653471761817997e+00,-1.288900314439170636e+00,-2.777520024293026468e-01
-1.228760390748652592e-01,4.414176510060142111e-01,-3.890289090118564386e-01,-4.252802151880715198e-01,3.352864218559103437e-01,1.997370546039240191e-01,4.618005658661733515e-01,2.186468793292093565e-02,-2.367448289663454941e-01,-1.871975500327214270e-01,-3.874989106887951618e-01,-6.424082442513455726e-01,-3.545271183705726026e-01,-1.273425504080846205e-01,4.029497797874720955e-01,-2.631139337737814499e-01,-3.565914918358717989e-01,3.778429740656705782e+00,3.594047884241384216e-01,-1.169823981061992452e-01,1.136626206511997639e+00,-3.521935462891269686e-01,-2.569520595682511233e-01,-2.812145580323464067e-01,-2.637564543047019594e+00
-3.221672770994117307e-01,3.902909050508107103e-01,-2.005109324155260053e-01,3.695878047057669091e-01,-1.651808044466555048e-01,2.281384028518433915e+00,-1.909690171773618383e-01,-4.095631787619434527e-02,-2.167894954994063372e+00,-2.581127757636877962e-01,-4.840390041693862916e-02,6.966332567220300254e-01,-2.846214536811041418e-01,-9.570072047688207295e-01,-1.824971586026288006e-01,-3.728757293903515735e-01,7.391977324156197016e-01,-8.625497209940638510e-02,1.174373725972766430e-01,-4.438604479463936214e-01,-4.664907008814426215e-01,2.491675164889828875e-01,3.087603413392576268e+00,-1.494705385190709279e+00,-2.487929971408000540e-01
-5.105518235912589464e-01,6.096588371228996994e-01,5.158381611151625634e-01,1.678322885795184849e+00,2.287235554611930066e+00,-7.647851527646788439e-01,-7.314112163204525840e-01,2.693539530259305564e-02,-1.450596530312839416e+00,-9.820574479499880605e-01,-1.967740403422788831e-01,-6.700447620085268063e-01,-2.434147999144425090e-01,-1.531660045594054997e+00,-5.520184940642909321e-01,-8.772098954729136144e-01,-6.913131764265328938e-01,5.922702328221465112e-02,4.660889014525299023e-01,1.818902762455961719e+00,7.249421743127402173e-01,6.417246080559970700e-01,1.955034399233276099e-01,-1.115135127903193801e+00,1.292592769234911954e+00
-1.261877611743356109e-01,-2.190828326383384705e-01,-3.029689761111667989e-01,3.981828972148347967e-01,4.005476017325713678e-01,-6.780389167245524096e-01,6.616340307229559570e-02,-1.422805168694141476e-01,-3.054897618816158067e-01,-2.841102521534916159e-01,1.617768314041865274e-01,-4.130023215964664374e-01,-3.945646979956657918e-01,-1.090892370210182483e-01,1.984172313315045455e-01,2.364657198241097436e-01,-4.973561792908891555e-01,-1.488314564216128011e-01,-6.395061116837292836e-01,-3.664942388521172933e-01,-1.054508275508003523e+00,-2.559862965555498859e-01,4.626620953710911088e+00,-7.588907089246679782e-02,-7.478773491998000345e-02
2.396907542300727112e+00,-8.369978825774024300e-02,4.709942532428447737e-01,-4.634149513862388936e-01,-1.028752445024834650e+00,4.271730688048980817e-01,-5.180281313729332426e-01,-9.772901363184137435e-02,-9.072809239216192423e-02,-5.573971859542402596e-01,-6.116234988960368435e-01,-9.035524226860653929e-01,1.885802893674571878e-01,-6.935975921165100644e-01,-5.379455637685317537e-01,-5.362221683928217741e-01,-1.011956805905825929e+00,5.162332431997185278e-01,-4.745140746727894987e-01,-6.429532472055550230e-01,-9.494189720399167642e-01,-6.171662707496940181e-02,4.327574204282205184e-01,2.432513393149050795e+00,2.398091370286095980e+00
-5.490683457686544866e-01,1.109185274482787698e+00,-2.714014498108208162e-01,-6.970870360975144342e-01,-6.574834398905926580e-01,-1.805440061253321335e-02,-5.017851588494945947e-01,-1.474852792536587853e-01,-5.110307662348084756e-01,-2.397178870711590692e-01,-6.074089805758071670e-01,-4.025190375082232652e-01,4.688195884542337710e-01,-6.232222882826948807e-02,2.167407286859319715e+00,-4.605666022700587448e-01,-1.057620504913638459e+00,4.409386903796604917e-01,3.296554812774443288e+00,1.410419404845677738e+00,-8.437441677800245898e-01,-1.013955268085236172e+00,-2.934920196032330120e-01,-9.522986202565031366e-02,-4.633526226167449247e-01
-1.218766122650283140e-01,-1.855509619544780942e-01,3.659001654655327673e+00,-7.695374998954916945e-01,-1.430685857444759235e-01,-2.718284644825954000e-01,-3.057963140633090937e-01,1.000324815792390104e-01,-1.863908539825494814e-01,-1.686163912261597342e-01,-1.949008814201562134e-01,6.223403074515382327e-01,-3.886323606639841693e-02,-1.615622291096839580e-01,-1.824645303571996446e-01,-2.780645922144291404e-01,-1.339412501990429494e+00,-6.479228045245705170e-01,1.371792605549244648e+00,4.661217147308857056e-01,-2.160862912296347138e-01,-3.640551506039472196e-01,-4.161273333638639826e-01,-1.765029405179376898e+00,1.537865875707542740e+00
-3.273113716878697788e-01,-2.811242192205638535e-01,-3.571740038973882370e-01,-3.252658988212028257e-01,-4.270479969528798714e-01,-2.583012043423034698e-01,-4.229012590798107984e-01,-3.788730091424089008e-01,-3.715800950376870748e-01,6.225901066685390894e-01,-2.960224588301788584e-01,-3.746049377764514299e-01,-3.054181817086046857e-01,1.820433930401348377e-01,2.206824664927880264e-01,-2.317307390974550074e-01,8.527911450227589063e-02,1.265144654723811823e-01,-3.569279279176900688e-01,-2.091342127874126489e-01,-3.379733061722668963e-01,4.745363419193978416e+00,-1.681105257761528193e-01,-1.809498850077055354e-01,-3.720217321140648625e-01
2.117861228645828708e-01,-5.121363664056745035e-01,1.378829048644968802e+00,2.149095673679793372e-02,-1.687381424730624857e-01,1.839471409192303675e+00,-1.702891680983579459e+00,2.461059449324075832e+00,1.471937542503224172e+00,-2.302832580755536651e-01,-1.092346793523664372e+00,3.493534471722598012e-01,1.049449185582220778e+00,-9.558935067674780850e-01,2.585165422917692912e-01,-1.267729752381384412e+00,-4.675264590567122513e-01,-4.822153887406958050e-01,4.801642294071637590e-02,1.752003373965662636e-01,1.889373963815219604e-01,-2.614301164103844943e-01,-3.219615119415316640e-01,-4.831691988380251157e-01,-1.507725685433262131e+00
1.913922619311588247e-01,3.157645658635897523e-01,-1.896840230922877957e-01,1.400413361026267678e+00,-3.775714096990687163e-01,-4.289541309559811388e+00,-1.817089769981857783e-01,-2.446680695277329842e-01,3.135161595535833623e-01,3.961889986445384371e-01,-1.135985828084060678e-01,2.788851258530548605e-01,-1.951065070881688457e-01,4.932335693952863975e-01,-4.185016699342738455e-01,4.607387665144820343e-01,1.516412693990112803e+00,-2.591442173644311064e-01,-1.894880564307127244e-02,-1.563838355220919796e-01,-1.019392406549302355e-01,-2.593852171882586877e-01,4.395087271969069231e-01,3.361076180481949449e-01,6.640200170635434107e-01
-8.194558035972325516e-02,-1.277063821019904476e-02,-3.479262509421150451e-01,2.616079266096615341e-01,-6.552342413882885630e-01,-7.258479823544443654e-01,3.010509665186634765e-01,-7.315967691276442642e-01,-3.489093677506808211e-01,-1.264726169370997966e-01,-5.407634155411615851e-01,-1.968554349103821766e+00,-2.835065111576630104e-01,4.772028724914825770e-01,7.143962284802299334e-02,-7.751054170311033609e-02,-2.917549507256337882e-01,-4.010097481238806272e-01,7.050490447148394235e-01,-5.835005374566453185e-01,4.860561808136026896e-01,2.855523895295056125e+00,2.759372734125717375e-01,-1.068296802415522606e+00,2.811732520593733131e+00
-3.993784225364613305e-01,2.223637555688721956e-01,-1.656258426868590927e-01,-1.077362466599506019e-01,-2.333047745398039441e-01,-6.036451862767053811e-01,2.617109039899695233e+00,1.623432743037852788e+00,-1.042715173702278425e-01,-2.255215438999528810e-01,-3.804649647197134166e-01,-7.472505658767579773e-01,1.157485580984641271e-01,2.063099240945824864e-01,-4.909469827528870067e-01,-9.966570170162336595e-01,1.127818903200556028e-01,3.184235044032826423e+00,-6.052023127627533805e-01,-8.279850519691899224e-01,-3.343117307662358817e-01,-3.698329530677761379e-01,9.600317062508884058e-02,-6.004443035684428054e-01,-9.854047092074872394e-01
-3.993784225364613305e-01,2.223637555688721956e-01,-1.656258426868590927e-01,-1.077362466599506019e-01,-2.333047745398039441e-01,-6.036451862767053811e-01,2.617109039899695233e+00,1.623432743037852788e+00,-1.042715173702278425e-01,-2.255215438999528810e-01,-3.804649647197134166e-01,-7.472505658767579773e-01,1.157485580984641271e-01,2.063099240945824864e-01,-4.909469827528870067e-01,-9.966570170162336595e-01,1.127818903200556028e-01,3.184235044032826423e+00,-6.052023127627533805e-01,-8.279850519691899224e-01,-3.343117307662358817e-01,-3.698329530677761379e-01,9.600317062508884058e-02,-6.004443035684428054e-01,-9.854047092074872394e-01
-2.149468239028106353e+00,-5.303162507719522828e-02,9.753333282643480984e-02,1.359136110730226665e+00,4.003384649678932983e-02,8.942982474325668341e-02,-2.094221857363725570e-01,-1.010113089575747219e-01,6.878698416590678377e-02,-4.987624231608480674e-01,1.031456373866830312e+00,-6.637920950505754591e-01,1.914703869159386285e+00,-2.984830949506638853e-01,8.352211267563426633e-02,2.454470163563099092e-02,7.530038134026044716e-01,7.072161185672950490e-01,-5.709247394552718902e-02,2.007889927504028504e-01,1.252558288163971856e+00,-1.112425586510073089e-01,7.734619422610008455e-01,-2.673651548983151827e+00,-1.580218757904348292e+00
8.707888915478403588e-03,-1.445356720274613704e-01,-1.971409934197880243e-01,-1.605276685780051282e-01,-2.008235328340017278e-01,8.467155000629041917e-01,-2.807244778567194454e-01,-2.286386083533785973e-01,-1.349929854655941286e-01,2.145196410936054971e-03,2.529922571646269630e-02,2.951223963265189529e-02,-1.782941511038937388e-01,5.410320810092383859e-02,6.576729346646903451e-02,-2.587136059319586678e+00,-1.763213030992473174e-01,-1.129301083909474424e-02,1.744290806312740194e-01,-4.422305921752642949e-02,-2.998823649926571355e-01,-3.345032557835870418e-02,4.110385113053230732e+00,-2.198311932005305169e-01,-4.192493401044865564e-01
6.773505146549180234e-01,-7.401551743473119838e-02,-2.317317735054792160e-01,-2.904430334582564499e-01,-4.275345914048146456e-01,1.374270228706300889e+00,1.172924248684091841e+00,2.582009212868815462e-01,-1.810458805293747808e+00,1.263276329752227811e+00,-3.445701869921667937e-01,-9.322474034887255900e-01,-9.156197512922127357e-01,-5.073661538348341882e-01,-5.853642606987493613e-01,3.293311737873726219e+00,-4.219479329953202407e-01,1.530883836450219193e-01,-9.520096440933910609e-01,-2.608168639212755102e-01,1.567110970465331321e-01,-4.671936647494571160e-01,8.630974477789651322e-01,-6.998085623415304379e-01,-2.911027639239734954e-01
-5.513497271330495275e-01,-2.305812069910501416e-01,1.052833849492484757e-02,-6.248982819038275682e-01,-2.676620811851551651e-01,3.529337477772008125e+00,-4.237205007867705375e-01,6.147680770972460129e-01,-6.712733050423227432e-01,-5.389769944541662472e-01,-1.062248844335121484e-01,-3.854688040682001104e-01,2.528325090050164370e+00,-4.463102497144287306e-01,2.205866975118551121e-01,-1.289638523586021657e-01,-9.514308340994175328e-01,-3.332959387716862842e-01,1.870927085734166440e-01,9.151746965155085345e-01,1.645265562292957950e-01,-9.112979179544181685e-01,-4.588077805765218287e-01,-5.366719494921349254e-01,-6.034053332791528002e-01
6.723396778511858685e-01,3.731752344438327373e+00,-4.192236034980428294e-01,2.910191483819032573e-02,-5.907617619230493000e-01,-3.214792275884820749e-01,-3.536261743890130593e-01,-4.245593826394694625e-01,4.536801899159566553e-01,1.461035639681973031e+00,5.143774400624184784e-01,6.484152689402418179e-01,-4.310868424849954028e-01,7.125497404599775431e-01,-3.793811300790346230e-01,-4.617521647097612147e-01,3.696493215221751671e-01,-5.786028837273754499e-01,-5.734222854538703062e-01,-3.296946463533797500e-01,-1.501904128403672434e-01,-6.859153493574590144e-01,-6.943492240620398048e-01,-2.901148807708530675e-01,-1.908741567833256436e+00
